Hans,373,0.6273644267713729
cstapels,394,0.5972823500633231
Vinod,222,0.5790533552298426
turgo,69,0.6134436532207175
mnaveed1,25,0.48272002458572005
piajola,87,0.6401033750895989
mbrizuela,3,0.6238788366316667
mprolo,11,0.5244328162887183
CorBee,30,0.5899652739365798
skydesign,2,0.6035833507775
lee,447,0.626042253352374
frazelle09,5,0.793532693386
rw950431,262,0.5181809494285872
johnmx,3,0.2130423982938
Adarsh_Murthy,61,0.5215050372921082
ntallari,1,0.967254042625
geo3geo,7,0.6484651735851428
gabrielb,8,0.41472754627466246
vorms,7,0.7081169656344285
rayellam,11,0.7336340113119092
ma11en,2,0.8556601405145
Jeff Goodwin,3,0.778779188792
JChristensen,35,0.4357376183782257
mcdonald_ajr,1,0.813423633575
chrisjmears,53,0.5052803220614338
cotixtof,1,0.5
elaghouh,1,0.735921084881
maximelanoelle,2,0.839790344238
yohannes,1,0.767257511616
pantani,2,0.5
AnnaLB,2,0.802336722612
eplantes,16,0.5212841238826226
Syed_Tauqeer,1,0.5
JasonW,34,0.40389049053195
SailSenseTech,4,0.23884874582282498
KR46,1,0.804695367813
oassali,1,0.825968742371
Bird,4,0.71159376204
MrFrames,2,0.5
vinaykushwah24,2,0.24098165333299998
gabacca,1,0.5
aj8uppal,1,0.742578625679
x23,1,0.130853027105
bulletprooffool,1,0.5
rodri,19,0.708042932184158
rakshith,1,0.772139132023
autoDood,3,0.6015382905800001
jasonvanwyk,2,0.493208870292
benduino,2,0.6959213614465001
petetron92,1,0.5
rajeev.piyare,3,0.180284390847
aodhgan,1,0.5
B0gy,1,0.748764574528
joshuasimi,4,0.5
notforyou23,8,0.563908308744375
gerald,20,0.65585349351165
mehmetemin,1,0.851105153561
ozymandiz,3,0.7218126654623332
lucky_picasso,1,0.5
eruca,3,0.289829393228
gadjet,3,0.6683368682863332
laurie,1,0.5
crichtoniano,1,0.5
sarkatmorgan,2,0.5268566161395
pmichael,1,0.5
tlombard,3,0.289065549771
nicox,1,0.5
benni_75,5,0.7127740740774
kevinhisko,1,0.5
DanielaES,1,0.5
cherrick,3,0.5905082623163334
soccou,1,0.5
rossoreed,2,0.6893146038055
coppenss,1,0.752745866776
stan001,3,0.5667067269483334
jamilm9,3,0.606065094471
nickv,2,0.331825196743
Sindono.com,3,0.46375418702766663
Niraj,2,0.2889653146267
seales,10,0.6161990493537
deokumardas,3,0.4964128037293334
raylockval,1,0.5
arclary,2,0.5112469047304999
MURLIDHAR ROY,3,0.5
Stillub,2,0.5
Brian_R,1,0.851908504963
dyu,2,0.3573865294455
riker1,2,0.3718992620705
beekeeper,5,0.5255567908286001
wjpavalko,6,0.3844650238753333
rico72,5,0.35136897563920005
beingakash,1,0.758795619011
ICar,4,0.655619837343675
Mahathirz,1,0.5
AugustoEst,1,0.25670132041
Tonibco6,10,0.40280428826810005
mac,10,0.43091849386700004
oded,3,0.38795910278966667
gkaplan,1,0.902060329914
Angmo,1,0.5
Studvio,1,0.5
rushanarshad,8,0.5453044325113501
dtecres,4,0.77928747236725
iolson,2,0.5
salim,1,0.244621098042
km3,1,0.5
heinb,2,0.2204087227585
loli72,1,0.772890150547
irproject,8,0.664718538522875
Griwen,3,0.42179490129146663
Sintra Air,4,0.3863365277648
habapa,1,0.163322120905
narkase,1,0.903808832169
s161025,3,0.36102975408236665
pedretexksi,1,0.239345282316
BeeWare,2,0.2928035110235
paluigi,1,0.229869902134
mohamedali1993,4,0.677642315626
Rob Purser,46,0.5764414408932108
David Guo,2,0.5
Geert,3,0.5122295618056667
vksgaikwad3,1,0.200630962849
shubham_ingle,1,0.5
SolarEst,1,0.5
prabhu702,1,0.85460627079
Oscarb,1,0.817120075226
Karthikraja Nagendran,2,0.687445163727
jvasudev,12,0.4994217430551417
mdahlb,9,0.6520128448804
hans,35,0.516508340835543
AYAduino,9,0.5160947640737557
JolynLaub,1,0.5
mpo881,1,0.5
homerruma,6,0.4716031948725001
pljevljak,1,0.707419335842
wheato22,8,0.459747668355625
neilh,3,0.540114591519
rickylee64,1,0.5
HydroponicsMAC,8,0.760427460074375
aelizondo,2,0.8681032657625001
pramod,3,0.5364586214223334
Luis_Filipe,3,0.6297233303386667
jpsabo,4,0.4159228131175
Smitty,1,0.5
hickse,3,0.3893557091553333
Coolio11,6,0.3429832061131501
sayanbhattacharyya,1,0.5
hanguyen,4,0.59004969894875
angeloventura,1,0.939544200897
josepbj,1,0.908575296402
dave1829,1,0.5
sinet666,2,0.535128697753
auliandini,2,0.4154339730741
gregp228,1,0.5
sheahudson,1,0.5
dukeofboz,1,0.5
ommakana,1,0.5
disha,4,0.513361848891
froggy2288,1,0.17254793644
jbrh530,1,0.784080803394
sushma,5,0.5278860926628
corbru,1,0.857296764851
superzaffo,1,0.0505921542645
osc.araya,2,0.747400224209
tvmiller,1,0.148620158434
raxpa,2,0.5
petertree,2,0.8307127654555
Hunia,1,0.226322621107
tlowell,1,0.754598557949
abhishekjacob21,9,0.47659882240812224
baoutch,2,0.8708903491494999
TipsEZ,7,0.5976500340871428
samlro,5,0.4124951958656
BSB,18,0.43517953157422773
Campbell St,2,0.6983599066735
Sabeethan,2,0.306495115161
MrMarv,1,0.808692216873
prabhjeet,3,0.6066483656568
ailtonfacanha,1,0.5
scottyratcliffe,1,0.5
raklink,2,0.856968343258
abhinay_shukla,1,0.5
Igor_Klc,1,0.5
myeeth22,1,0.879331290722
tochinet,9,0.49392102824322215
Infinity,5,0.7481292963028
tytower,4,0.5
sky,1,0.867762446404
shuntera,1,0.5
xking3,1,0.5
puneet336,1,0.5
rweiser,1,0.136951625347
igorok,1,0.5
djmobley,1,0.200797021389
arduinoslfan,1,0.5
doh77,1,0.5
mahmoud.eltobgy4@gmail.com,2,0.328844755888
Jos,7,0.41284275906414286
panoss,4,0.32902807742365
Marcelo Rovai,1,0.88419687748
victormh,1,0.256858259439
Jman,1,0.5
drzrudsky34,1,0.285001367331
frenk0,7,0.7031726241111428
dennis55,2,0.646874845028
JuanTV,5,0.26679807901378
wojmonit,2,0.40970335900805
zidan,1,0.5
Athul,4,0.66695475578325
Abhinandan,1,0.282340168953
dozcakir,1,0.848917901516
GOURISH,1,0.795035243034
adrian,3,0.5010961194833333
mtmtntop,3,0.4042826990286667
Atex,2,0.3903137147425
AiR,1,0.30413299799
Piez,15,0.4946105341116
alcapar,3,0.28373363614100006
ashebray,8,0.538769874721625
Diena,4,0.5867396742105
Bulldogbob,1,0.5
valenciaa,1,0.5
deep_kap,2,0.6097311079500001
Sergio_Tolosa,1,0.5
duydt2,1,0.5
Linaa,2,0.6282054781915001
andre_teprom,1,0.5
astrotutor,3,0.7347105741503334
2SEAN2,2,0.9029448628425
Moshe055,2,0.580655276775
npctecnologia@gmail.com,1,0.5
gillesroszak,6,0.6769793629646667
chputney,1,0.5
angy1551,1,0.5
7asson93,1,0.5
blavery,1,0.5
Jerry,3,0.5322565734386666
SteveMcC,2,0.370787009597
jteindl,8,0.3155188411473625
RytisBe,2,0.81296646595
sgmustadio,3,0.5392527381578334
Sommoh,2,0.630727112293
Flying_Dutchman,1,0.5
markInSF,1,0.256390750408
Abraham Levy,1,0.0920280814171
steelbullets,3,0.3137197792531667
tomski,1,0.5
jaysha4,1,0.835874438286
avoletta,5,0.6969734251499999
TheFossil,1,0.137431234121
Khorne666,1,0.877179145813
SankarSaba,2,0.5
abhishek123,1,0.810671329498
herge,2,0.5
kgd,1,0.243076533079
Rakibul Sharif,1,0.5
pilkar,1,0.175994217396
Hafod,2,0.852354198694
Nic Roche,4,0.5482780486345
prince1,1,0.916116058826
TomSim,4,0.60931327939
taity,1,0.136066496372
Edwin,1,0.148376077414
donde,1,0.832812190056
Kavindran,1,0.231414049864
marco508286,3,0.31202674905466665
vceklic,1,0.812629342079
Aususer5,1,0.5
Parth18,1,0.0858857631683
abduu,2,0.536256700754
SESupply,4,0.57419431209575
Michel_J,13,0.44102936295353845
MatHoff,3,0.370922376712
yukimach,2,0.5
jenifferhomes,3,0.4206510285536667
rberkelm,13,0.5301438799270385
fahimhaider,1,0.5
aissam,3,0.6145767966906667
Nasser05,1,0.5
Frog_Qmak,2,0.2242879718545
DavidB,1,0.0832229852676
PlStrss,1,0.5
theindianapple,1,0.755749106407
tgibbs99,1,0.122116088867
parasbhanot,1,0.5
Harikishore,1,0.230710744858
lxx33,3,0.8054718573886667
oskimark1,8,0.578748639673
tom_croft402,1,0.159079819918
ashwinispatil,1,0.833446860313
R_Alberto,7,0.4127369054725714
Syed Rafay,2,0.5006144046785
bubba198,8,0.38758382946250003
lballaty,2,0.7048828601835
nonoise1,1,0.5
1rn07ee058,1,0.5
asadujjaman,2,0.67286247015
Tom_Neverwinter,1,0.5
kniazio,10,0.6146268695592
dsnaith,1,0.878157496452
SweetPeas,2,0.8912202715875
swat_heliket,3,0.7816269199053334
fusdorah,2,0.6896815896035
Amornthep,1,0.5
oddspin,2,0.6779514551165
preseli,2,0.8685027360915
SoggyB,1,0.151316285133
cwhummel,1,0.794324040413
steg,4,0.74114592373375
freedom2000,1,0.79148209095
nsadventurer,3,0.29743710160233333
Mona_kh,4,0.83108614385125
prussiap,1,0.5
waynebraganza,6,0.6622430284818334
rkgarg,8,0.5390101112425251
tongdeng,1,0.225001126528
DodBasim,12,0.64910176396375
heh,26,0.5103437510821035
kilian,3,0.8254391352336666
Deimos,3,0.39847235878299997
ArbitraryUserN01,1,0.756287992001
CoreInside,2,0.6286370158195
Maxisokol,1,0.302751779556
lane5625,1,0.0433668792248
Gottmoz9,1,0.804755091667
jonn26,1,0.843673110008
lingvo,3,0.707254598538
JoeQ,1,0.783791780472
buben,3,0.6608347495396667
Joe_1,1,0.966067552567
ChungTran,1,0.722483277321
BiggSmiles,1,0.745749950409
u0750623,1,0.893087387085
naamah75,4,0.707171648741
SilverNodashi,10,0.6363484621047999
mtibi75,1,0.878603100777
Boggie,4,0.46270731836574996
buckett,2,0.7599082291125
Anton_K,4,0.3926108703015
dstacer,3,0.17824615041433334
BranoMo,1,0.5
rod,5,0.7334841430186
NNH,4,0.80480095744125
spumanti,4,0.8751864433287501
clamport,1,0.793770074844
Deamiter,1,0.80526304245
timoee,1,0.763006985188
Pulpoensalsa,2,0.834485173225
jinfeei,2,0.4170099943874
zozsoy,3,0.44912567734733333
mikronauts,3,0.928706665834
larsilund,4,0.6163562983274999
ezubiria,2,0.86120223999
eisenhowerj,3,0.3545261522134
Evova,2,0.4635985195635
marten,3,0.47257641951266666
dgou,1,0.919735074043
djash40,1,0.5
julienser,1,0.5
turboencabulator,7,0.7103909168924287
bgardner,12,0.5567289690177499
ricardo_ati,5,0.69496393203722
tparvais,5,0.6396859526634
Malden,15,0.54845733841264
anjoze,1,0.989051759243
AFA58,4,0.5815784707667501
Klaudiusz,1,0.930046975613
armin,1,0.234365820885
noname,2,0.4603451490405
thingspeak-marc,2,0.7419680356980001
mc,7,0.6665606200694285
seigel,3,0.568488796552
marcelhell,2,0.915691703558
jeckson,1,0.5
fmarzocca,15,0.5365188558896666
wadevcamp,10,0.40754904747000004
tdh10,1,0.120189160109
Polaris82,3,0.4143125911553333
shivshankar9,1,0.5
nathanjame,1,0.195784628391
alok,1,0.272825598717
kostasb,1,0.828081071377
Cluso99,2,0.3309156298635
nikhilmaurya10,1,0.950048804283
brianc,1,0.927267968655
photovor,1,0.766479611397
rev,2,0.190580621362
acestu,1,0.5
tyler785,2,0.5
Hemalatha N,1,0.5
Simon,2,0.8650899529455001
tara,2,0.5
gcastor,1,0.742854118347
micthi,1,0.5
kenkoknz,5,0.8266573429106
nancy,4,0.71475262939925
hank4stmb,5,0.645036035776
gepeto,4,0.5523126870395
luhues,4,0.83019413054
acarre,2,0.6250806450845
chrisjx,6,0.5376667678356667
fhw,1,0.5
harrisandrew73,1,0.0609633624554
gil,1,0.881981611252
fiets,2,0.8432549536230001
bsartist,2,0.4470572024585
Bovbjerg,4,0.41491912305375
misterP,3,0.08398735523223333
johnecy,1,0.0723415911198
martinding2020,2,0.201316744089
Serge,4,0.37933767586937506
Sarah Khan,1,0.240217655897
ewetjen,2,0.6683137118815
giulio,1,0.747121214867
pudderz,2,0.2039978802205
chriscokid,3,0.5277609924473333
AlliedC,1,0.5
vpatron,2,0.577642321587
Armin_38,1,0.5
schabanow,6,0.28070660432181666
jcpreston22,1,0.5
peter9x,2,0.7831515967845
Eduardo,3,0.5366307497026667
trach555,10,0.6459605574608
Meik,1,0.0872559249401
augusto,2,0.8959116637705
alireza-res,1,0.103452324867
shivam00408,1,0.5
Rony,1,0.714936137199
JoeClark,1,0.818588376045
boyerak,1,0.236850053072
dhananjay,1,0.5
alessio31183,6,0.6811335086821666
Things4U,1,0.698696434498
testing,1,0.855020165443
tamairon,1,0.79386639595
Hondo,4,0.42017879337075004
Fil,4,0.45611668378125003
suriyaa,6,0.4019285440446667
kf6bbl,2,0.8878024816515
rich,1,0.0684736669064
ntsc443,1,0.761741518974
roboboom,1,0.157874494791
cnxsoft,1,0.88378059864
rishimohindra,1,0.773324966431
mnt,2,0.11880026757735
Songman999,1,0.897733747959
jhkWaltham,1,0.780745208263
littleboot,1,0.250852257013
Robert Mawrey,4,0.796241238713
wizbrewery,1,0.5
wasted,3,0.6636388699213334
abdolhamednik,1,0.151688069105
Wayne,2,0.3761979043485
p_k_nandanan,3,0.7718105713523333
Dmitriy,1,0.247646600008
pratikr,2,0.5
itayd,2,0.5972062051295001
birkebjerg,1,0.921969890594
alvinpark,1,0.86615562439
solarhill,1,0.725985705853
tceel,12,0.5444094290336333
pilnikov,2,0.41016505658605
jbeale,7,0.49090004393040004
dukbilt,7,0.3971972635814143
horiachirculescu,2,0.8718753755095
yangtylor,1,0.78618490696
ndinev,4,0.49469603598100004
vverheggen,1,0.5
grido,3,0.5
kidd8509,2,0.4990648925305
ksnanda,1,0.916384220123
kolban,1,0.839978098869
cherry,5,0.4357943356035999
vespapierre,61,0.7361514734439655
wyung,1,0.930088639259
georg9959,1,0.751557946205
Fat,2,0.544539809227
alatza,4,0.71022766828525
Cyn,7,0.7846125066281858
Jabberwock,1,0.5
nicoverduin,1,0.13576644659
jeovanevs,3,0.38670596480400005
ardiono,1,0.5
zarzaid,2,0.50891013443455
ambre00fr,1,0.5
zaphod_beeblebrox,5,0.5231861591339999
segepe,5,0.45838507413862395
roan861,1,0.762435793877
venkat0249,2,0.392751067877
thingspeak_sc,3,0.5820945898693334
R,3,0.500093460083
simonvo,4,0.42639911919825
xmflsct,1,0.222010463476
hrko,1,0.5
nicbkw,1,0.5
ledrew1407,3,0.900178472201
morten,5,0.7459261894225999
Samuel,1,0.257870703936
melkikh,3,0.7158508896826667
fortolano,1,0.775506198406
akhila,21,0.7203496297201429
morse,2,0.1201522946356
petrisal,3,0.550821085771
maksg,1,0.921111702919
jaty,1,0.756487131119
hepcatjk,3,0.5701938569546666
001010,1,0.806977748871
sanyaade,3,0.9011484583216666
carryGod,5,0.7160226941107999
dvdl16,2,0.494089126587
dalothi,1,0.201009660959
Handosa,2,0.82700830698
meltsys,17,0.7018315634305882
Andrew,5,0.5703673481942
ori,1,0.140725910664
archit2112,2,0.36198227107500003
adms,1,0.5
Pablo Estevez,1,0.938097596169
Stephan,1,0.129633486271
Wam,5,0.5833906173704599
peterhd,2,0.7463068366050001
beluga,2,0.5100785791874
svinzant,2,0.42145179212105
kikorojo,2,0.2295107394455
joergkainz,2,0.7256554961205
teratoulis,3,0.7678984204926667
Simone,1,0.767451882362
BoOM,1,0.5
tiaratan,2,0.649418413639
jacktheripper125,17,0.313834656687347
raihan97,1,0.745806574821
shahsavan,1,0.999567389488
abdmet74,1,0.5
avbuuren,1,0.708536922932
Max Marder,3,0.5844969352086666
fcoppo,1,0.211387097836
chrissaxon,5,0.3132012188435
kim,2,0.07476410269755
lboucher,4,0.31419862061724996
decx,5,0.4631301403044
getty,1,0.123084366322
LvdK,1,0.0847038924694
nielsb100,2,0.6248763799665
LEDsREPAIR,1,0.753634750843
zkornz,3,0.14709894855833336
Doug,5,0.3537530243396
ykim,2,0.388445585966
SoupiestZebra,1,0.5
nmac,5,0.5130458354948
Niqx,1,0.5
kvv213,15,0.44462357958163334
Meenakshi,7,0.8388644542014286
paul,4,0.364892914891225
David,4,0.47669745981699996
jemapel,4,0.509728603065
jamin,2,0.8284783959385
briscoe,1,0.176775246859
fanest,4,0.5934330001472501
stofakiller,1,0.5
skoogs,1,0.5
ThijsFeenstra,1,0.0778704881668
fishmastaflex,11,0.5111975317652636
kayakpete,1,0.839234650135
mircasam,4,0.45358021557329997
edcasati,5,0.5654206693174
picpic020960,7,0.6857065941607143
siclark,3,0.32202908396713337
jimmyjiangyq,5,0.647290420532
gamerji,3,0.3943351507186667
moballa,2,0.5
ALikelyLad1942,1,0.799307107925
aby,3,0.38049449523300005
muunduk@gmail.com,2,0.8011921346190001
hmslouis,6,0.8458435535431666
altineller,1,0.848531365395
Vojta1,1,0.113073796034
BMcC,4,0.5439645648004999
jesjimher,1,0.5
pedrin2,1,0.211209386587
pedro.henrique,1,0.155672967434
chulian1,1,0.5
arvimg,5,0.4905057787896
luisantunez,1,0.979463338852
ghalib.janjua,2,0.5814904272554999
almarion,4,0.77901878952975
tz,1,0.77213549614
wiktor,3,0.6410238345463334
dexterindustries,5,0.6851296663284
zeke,1,0.5
sirloon,3,0.6757652958236666
mattyw,2,0.704571068287
nedsons,1,0.248079001904
fonzikun,1,0.726983964443
hedwig,2,0.5
valid8r,2,0.48366147279750005
espolli,1,0.913402080536
rachelhobbss2,1,0.5
AnnLi,1,0.957965791225
Wilice K,11,0.811910894784091
0xFF,12,0.69660713771975
m-blue,5,0.6270286083222001
Ron24B,1,0.962303996086
lover50,4,0.6109580397606
androidcontrol,3,0.3861468633016667
ellivna,3,0.6579740146793334
wayari,1,0.0200035870075
hilgi,3,0.588709652424
Joel,1,0.805093407631
evgeny_bigheadone,1,0.953928649426
vondes,1,0.7139570117
ic3m4n,2,0.9358406960965
Dhan,1,0.134453892708
azlardo,1,0.771918356419
viciba,3,0.6202190915743334
ingamedeo,1,0.895960986614
burgchevap,1,0.795694470406
Veeramani_karthick,1,0.752942204475
andrey20,1,0.5
nigb2389,3,0.7473947207133333
Sambeet Panigrahi,1,0.768287777901
lizapendray,1,0.880924224854
alirafami,1,0.5
jimackay,1,0.5
ljbeng,1,0.5
yashvi,1,0.809253811836
bradhnz,1,0.5
yashz123,1,0.949491322041
HzA,1,0.877087831497
StefanoBettega,1,0.927184998989
ujjwalrathod007,1,0.714619100094
vagelis,1,0.5
smmaxxx,1,0.5
OZ2CPU,24,0.4942932774623234
ddevilliers,1,0.232803553343
boomer55,1,0.160579144955
mik,3,0.5519060591856667
H07R0D,8,0.6691353246570001
larimow,1,0.5
Nano,1,0.5
thingspeak4matt,2,0.5
digimation,2,0.5
Gerdi_666,2,0.340132445097
tia,1,0.5
perry,2,0.513346657157
walshmagger,1,0.752673923969
fm7385,1,0.931545615196
embdev,1,0.5
Pvince10,1,0.75937473774
HyFy,3,0.20394657055536666
avdvyver,2,0.91215634346
MohanadOdema,9,0.59544766280391
shubham_chopra3,1,0.766024410725
ThomasD,2,0.030391126871100002
mmachenry,1,0.917201757431
tina.mir,2,0.5
Aitorto8,2,0.6549627780914999
melanogaster,5,0.5747643053532
assignmenthelpexperts,1,0.5
PaulDee094,1,0.5
Beavis1703,1,0.247647464275
rizafajar,2,0.5
SukiYoon,1,0.5
cxq638,2,0.3529268950225
isaacjohnsong007,1,0.5
dimbil,7,0.22924377662811427
vkadal,2,0.39408451318750004
rado,2,0.4894205331803
Am18,1,0.5
topsy,2,0.3673921078445
royalghost,2,0.5
alombardi,2,0.495338365436
gpc,6,0.7246387302875
SouthPark,4,0.44263518601665
Midoji,1,0.984377264977
Anand,2,0.1649365276095
Anu Sankar,1,0.234980493784
dher,1,0.838314890862
OH6MQM,3,0.1842226783433333
lolkusus,3,0.38500249385833324
kes,1,0.5
geraldcor,2,0.7186938822269999
S Raj,1,0.780009448528
ask,4,0.5158224850895
tingtaler,1,0.5
tchaloupka,2,0.6672444343565
iamsaanvi,1,0.132153689861
adaml1979,1,0.78559333086
AnushaPoola,1,0.206553161144
zoey7,2,0.8344417214395
ezmaintain,1,0.944975018501
mikebradley,1,0.0411024987698
MarcFinns,10,0.4966479569673001
mutton,1,0.105577766895
phfbertoleti,4,0.96309526264675
sesom,4,0.43522039055825
alexparrado,1,0.79435223341
adamlee,1,0.810772240162
juanreina,1,0.188555002213
Duck,1,0.855351686478
geoffg,2,0.5890678763389999
viiartz,9,0.5800117817188889
Pavlo,3,0.5630161762236666
masters42,4,0.748361006379
brodys,1,0.813804864883
rvnash,4,0.7271521389485001
ticklemynausea,1,0.5
cpram,2,0.206086754799
irasch,7,0.49522959760271423
maneesh.marian,1,0.5
jbeale1,3,0.4903848071893333
toofargone,1,0.928034543991
michael.iospa,1,0.5
chinthakajay,1,0.238282352686
py2alc,2,0.5
JK,2,0.49455033242685
DeYulia,2,0.5
g0emf,1,0.895440101624
slopcounts,1,0.0976910591125
uphillbattle,5,0.5174710392952001
PumbEmili,2,0.9279381334779999
WildC4rd,2,0.495075702667
Miltos,1,0.5
gulin176,1,0.758963823318
jwd3ca,3,0.6867596805093333
Anirudh,1,0.289092510939
Maco33,6,0.6923212011655
sprint01,1,0.0965509712696
donaldp,5,0.4329362928868
Cato,1,0.107332378626
acerbus,4,0.48968622833500003
UlfG,1,0.0590642392635
rifkinurfaiz,1,0.207894384861
potts.mike,1,0.163280904293
popunonkok,8,0.44606146588925
sandeshmega,1,0.151111841202
yasum88,1,0.5
ckuehnel,2,0.44952653348455
superliminal,1,0.177957862616
Abhishek,1,0.098679214716
sahelakhalid,4,0.323452904820525
celiagarridoh,3,0.603204955657
Rist,1,0.841431677341
glynnbebee,4,0.57436265051375
capolaris,2,0.327239125967
jass,3,0.8306657075883334
svicar,1,0.0827906131744
uroszila,1,0.5
mchampio,2,0.612220913172
maxmbeded,4,0.2751053571701
itsme_raju2002,2,0.5
turti,5,0.42230053544032
gdillen,3,0.892460902532
weisoft,4,0.8574956059455
Eric,6,0.6159633845091167
shahzadb13,1,0.0109159648418
gmrza,7,0.4774661660194286
Dinu_D,3,0.607433517774
Alex,2,0.5658583045005
sebassilvap,1,0.866324782372
rickpres22,2,0.38993436098089
ggrzes,3,0.29445491234466664
jaza_tom,3,0.3926119804383334
Super ME engineer,4,0.36501740664225
atkcndrms,1,0.279685378075
al1fch,2,0.732235431671
Cyber1000,1,0.123592704535
l.callan,1,0.208397716284
sam_uk,1,0.937195777893
westonhull,5,0.41418570280062
mila,2,0.3071131408215
FraxinusE,1,0.0466797053814
poor_red_neck,4,0.62143543362625
thoem,1,0.5
alexleandrom,1,0.5
ogaitaviaras,1,0.941299557686
blairy,1,0.5
wsp89040,2,0.506728500128
JaredP94,4,0.83243565261375
sniper,3,0.26145347952835
alexj,1,0.5
vagelism,5,0.5982855558396
HelenGomes,1,0.217075258493
dennislwy,3,0.664126088222
tperret,1,0.736279726028
cristianreynaga,1,0.5
mavenik,2,0.573672115803
mr-sgabuzen,2,0.5151631832125
WarreN,2,0.508319079876
Dieter,1,0.793945789337
njames879,1,0.865090847015
Dave6505,1,0.5
marcelrv,1,0.140119612217
mamic2,2,0.197160929441
most211,5,0.6610547423362
chai.yang,1,0.126113325357
gnork,1,0.192702442408
jonasemote,2,0.6520326137545001
MG11,1,0.836263716221
zasx007,1,0.203099220991
dirkdm,2,0.43559148907665
davidjb,1,0.285213530064
biod101,2,0.21897053718599999
jimidmb,1,0.832428336143
felipefmendes,2,0.4959877729415
alvarodecadiz9,5,0.5513249516488
Fenestron,1,0.5
gezatoth,1,0.204758793116
rudraxx,1,0.5
Ariane98,1,0.5
Maryam_19,1,0.5
rechaugusto,1,0.781502604485
newbie1994,1,0.5
Dennniske,2,0.443981513381
HugoP,2,0.37887777388099997
terahurts,1,0.234810113907
mitang,2,0.5
lindbe,1,0.110036730766
stockdam,2,0.68711027503
pathslug,2,0.5
mogul,2,0.127851009369
Ales,1,0.088736474514
shael,2,0.3358854055405
jetcz,1,0.103267967701
chenglin,1,0.5
Souperman,4,0.53220117092125
kekec14,1,0.778679549694
xlaser,3,0.5
jlmyra,2,0.5040630698205
ethicalradiosniffing,2,0.454306930304
Ivanildo Bandeira,3,0.5448248585066666
fbossong,1,0.239270180464
Skylordus,1,0.5
dailyappsuse,1,0.786171615124
hkbiet,3,0.5
gyrolen,4,0.38789935410025
mojthingspeakforum,3,0.5
electronicsguy,1,0.127042710781
usmanasif,1,0.5
mmartella,1,0.5
mjung43,1,0.803884625435
mversluis,1,0.5
npatel023,4,0.5956221818925
sramirez6208,2,0.8736648559569999
patricio_74_,7,0.6342468942915714
daturach,6,0.8014813264213333
powtac,4,0.32925975322725
71ag,1,0.238180577755
geetee,4,0.6784417182205
sandeen,8,0.4652299731970001
Amey,4,0.35656835883875
pierrelc,2,0.6467756927015
Mike Teachman,5,0.6205224990844
Fountain,3,0.6091519097488
aldo,1,0.5
user161,5,0.774507236481
AlmostThereGames,5,0.51332180500038
mun,7,0.6061878715243714
dantheman2865,3,0.6416974167026667
sudmanche,2,0.1223012357949
TonyGraySchneiderElectric,2,0.747793495655
mfuller0,1,0.866666078568
cutedog2004,1,0.5
harleyrdr1,2,0.891543149948
tricker,1,0.5
burns,1,0.967511117458
samsungite,1,0.825404882431
remedix,1,0.130801171064
Shankar Nair,2,0.9934574067590001
smulube,1,0.859828710556
alexi,1,0.773204445839
jenifercolt,1,0.792309165001
entegredevre,1,0.880756616592
casperprogram,1,0.5
dev,2,0.6594745516775
villTech,2,0.831052839756
ashwinb,1,0.944957137108
alcomposer,1,0.5
t_gallhu,1,0.5
subhagnanam,3,0.36447360118266675
jacopau,1,0.275876104832
yuanqing,2,0.609733223915
Faster_ed,5,0.36848386526099997
swilson,1,0.823211073875
brucecannon,1,0.851604223251
helidrone888,1,0.175553351641
mycowx,3,0.3882518907386667
Gio,1,0.866046905518
cotejean,1,0.724701523781
teo_kan,2,0.351206049323
slyguy,2,0.917893797159
arawire,1,0.5
rossati,2,0.44199036061765
martin,2,0.1305684298275
Tylon,2,0.3575529158115
Mono,1,0.881003499031
CHERTS,3,0.28843700885766665
andyhelp,5,0.8511670351030001
somers123,2,0.436063364148
krich,1,0.144492208958
BallardHill,2,0.8060780763625
mononokey,1,0.5
lifedj,4,0.5334076210855
Stonker,5,0.5725388705729999
Precedent,2,0.8146990537645
samvivi7,2,0.884473532438
Jan Kromhout,1,0.5
zanderman111,1,0.200471013784
TC,1,0.901204228401
dmagee,3,0.46711388230333334
sleepel,1,0.149930655956
Bluemington,2,0.715476423502
yuval.shtemer@clicksoftware.com,1,0.900863170624
vinci123,1,0.228710561991
leonlei,1,0.245553255081
NishantSood,1,0.5
azarghan,1,0.291545927525
MooseHunter,2,0.796107858419
mrsniffles,1,0.138660371304
stanzieg,1,0.937949299812
joeljogersen,1,0.5
StewieT,3,0.5
Chris,5,0.3981948196888
saavedra29,2,0.36239027977
milesfromnowhere,1,0.5
JPitty,3,0.31154374281566666
lchivot,1,0.051130592823
mecslu,1,0.771926343441
tester,11,0.6003498570485455
jingzhao.ou,4,0.83971610665325
etalon,3,0.5059529940290001
Dezorian,1,0.157752126455
peewag,1,0.5
jbowen,3,0.6416728297866666
soundjudgement,1,0.5
CeC,1,0.5
sekjal,1,0.238413155079
tamberg,1,0.881252646446
fred,3,0.616745253404
awardblvr,1,0.784860134125
commsec,1,0.22007805109
nr,7,0.5417554974554285
ibtek,1,0.110388338566
grant77oksana,3,0.5714573760826667
greg,3,0.5335766077043332
moxi,2,0.7429686784739999
bishan.preet.singh,1,0.249496787786
manishjadhav,2,0.7978736758230001
Jozefiel,2,0.3016111552715
alexbn,1,0.5
forything,1,0.246281027794
wilkxt,1,0.5
JohnsRobert,1,0.783001303673
airsoftsoldrecn9,3,0.5989833275476667
arduinonoob,1,0.21927511692
JDT,1,0.97710287571
Deepak,3,0.41446867585166663
akinsgre,8,0.5285875089466
EnergyViewPV,2,0.3663214594125
petethespark,1,0.773009479046
kulgan,9,0.589063121212889
zzyzxx,4,0.204079739749325
fire,2,0.4568184167149
easterro,1,0.889341831207
greennomad,1,0.840057790279
amcclung,1,0.119398802519
icnmfabro,1,0.0391011536121
massa,1,0.5
lotzen,2,0.874854296446
canny85,1,0.764694750309
ilias,1,0.5
tms320,1,0.5
Vignesh maker,11,0.6443499678913636
karelt,5,0.546438074112
Happy,12,0.6367637217044168
SenneHoekman,10,0.41662946343425994
BigDun,6,0.5464623322088333
emdeex,2,0.5
Jaka,2,0.511162519455
hankivstmb,1,0.0967355072498
bill.french,2,0.13868589699285
KerwinLumpkins,1,0.5
krhoyt,1,0.828575968742
Eng_michel,10,0.27247017323976996
turnerdanielt,1,0.0982512235641
mcmahongg,3,0.7272804180783333
djamo_ati,1,0.808134317398
voyager,6,0.5721113284428334
dsahni,1,0.216710627079
ricklon,1,0.5
roebuj,2,0.6298891305925001
Australian Robotics,3,0.8658755024276665
Afulki,1,0.171701073647
Niels,1,0.218804478645
make.larsi.org,1,0.5
outlet,1,0.931171774864
EricH,1,0.862702310085
willnue,7,0.555516242981
foxxjnm,6,0.7983714491131667
sandan,3,0.6336020628610001
zferrie,1,0.5
Mubarak,1,0.913421034813
borjah,1,0.5
el_poba,2,0.29838094115255
mobileewaste,1,0.147976249456
deivid77,1,0.218850791454
abou,1,0.960940122604
alweerahman,3,0.727596481641
newymonkey,1,0.5
brenbry,1,0.5
femuruy,1,0.736841797829
Keaume,1,0.5
rodrigomocca,1,0.179782599211
agrisensezm,9,0.41857820749277774
RobO,2,0.3202081620695
robvk,1,0.145811527967
marcinnap,1,0.5
hkuehn,3,0.638604770104
hugo11dom@gmail.com,1,0.223297476768
Nisreen,1,0.152288526297
tkomar,2,0.7119352817535001
apollyon,1,0.792105793953
raytravel,1,0.5
Mohd Shanawaz,3,0.5626192291576666
Asdm,2,0.5
rstacey,2,0.872877925634
kipk,3,0.3180375496544667
schlaubstar,1,0.0965782999992
Kamac,2,0.373262926936
lorenzo.chiesi,1,0.96180331707
Master1001,1,0.773748993874
Chip Stewart,2,0.3077057003975
shiva3212,1,0.5
BrianD,2,0.20147745311249998
SRT392,2,0.481162250042
faizulmustafiz,1,0.0995989739895
raghunow,1,0.197717636824
logonutility,1,0.893245458603
samuel.thf,1,0.5
alexanderott,1,0.898086965084
nicolas@sound-force,2,0.74380081892
Gustavo_JE,4,0.42648214846840005
dpolukhin,2,0.2850638329983
BiologyWatcher,2,0.554930880666
Lakshana,1,0.5
Franclod,3,0.5935359299186667
ryan528,1,0.811714529991
Makeorbrake,1,0.109983623028
steveknott,2,0.6351233124735001
smuseby,1,0.100946903229
bbruno22,3,0.23856201767926666
Metawatch,2,0.3568169027565
edenderest,1,0.0788331329823
stni,2,0.5
hanytalaat,1,0.5
raybright,1,0.957555413246
AussieBattler,1,0.238664895296
ArgusR,1,0.732837080956
richlock,2,0.3230902701615
codenascher,3,0.5226743618646666
mehmetalisubasi,2,0.8900702297684999
Alexan,1,0.5
desaiankit,1,0.262480735779
Sam,2,0.88573256135
mvyctf,2,0.29892380535605
borsaci06,1,0.904633760452
wewa,2,0.8734672367575
umami,2,0.371266692877
MartinV,1,0.5
Modus,1,0.93642783165
joefly,6,0.6977842648823334
superdonkey,2,0.48317021131500004
sinergia,3,0.4260701338451
evancroby,1,0.895513176918
viscomjim,1,0.784442126751
Martini,3,0.4677898188433333
mschutze,3,0.8452985286713334
gcarlier,3,0.6656366984050001
frodevv,1,0.229662656784
MarkC,2,0.571289688349
MarkR,1,0.5
Ulvis,3,0.26319914062833333
shironawa,1,0.5
bobthesheep,1,0.181774973869
redWall22,4,0.28951209783555004
wirog,1,0.702969133854
hermes,2,0.3192399293185
Matthew Driver,6,0.5283520668744667
2BitBot,3,0.7143770257633334
patman,2,0.4922693371775
Acanom,2,0.39551739394675
ebaugh,2,0.398246407509
revolk,4,0.3616774156689
funycheng,4,0.740383863449
tryanderror,1,0.772881984711
Oskar Camenzind,2,0.8931616842750001
zoidicus,1,0.118077069521
ch1234,2,0.6936169564725
jpitts,1,0.0228093862534
salesguy,2,0.47526602447
yaqwsx,1,0.0205497443676
dab0015,2,0.4955336004495
yoder1100,2,0.4483644068245
Labas,2,0.813355267048
Stevo,5,0.6401457428932
mihaigavanescu,7,0.6192727174077143
nicothespider,1,0.867870151997
DonFL,2,0.8378869891165
muscatco2,6,0.5117014894881666
vwtimah,2,0.792597234249
claudiuo,1,0.19027158618
murilo.picanco,1,0.8188829422
davtas,3,0.3881285389265667
kg4jam,1,0.0175904631615
TonyC,5,0.6641527295111199
ctmorrison,1,0.5
peterpan666,1,0.0884146988392
cjm4909,3,0.4723924398422
tonyf,1,0.0651252865791
jpmurph,4,0.88065914809725
Scott216,2,0.546277269721
cgalaz,2,0.4878943413495
adjie1258,1,0.14845892787
pejobass,2,0.5
tomarthur,1,0.723920583725
richardchabot,4,0.6086903885005
wlewis,1,0.5
DennisB,1,0.763208448887
dm3281,1,0.5
Aghillo,3,0.6650056342286667
stefacc,2,0.625734180212
chetan,1,0.5
hroobert,6,0.5577500065168333
u14121001,1,0.140985280275
applepie80,1,0.217365682125
vichu95,1,0.851063966751
dnsr03,2,0.5244935303925
RPAWx,1,0.219939678907
martinknutson,2,0.806004226208
joe13varsamis,1,0.081554710865
lelopa,1,0.771082997322
buhh1231,1,0.775372862816
MTBHuw,2,0.7424520254135001
Llaves,1,0.5
maxtrix7,1,0.810998857021
garfieldpai,1,0.793837785721
Alvaro95,1,0.0888507962227
machadomiguel,3,0.6891350646813333
mogwaiz,1,0.230418354273
kots,1,0.95643556118
Proj_A,1,0.820485234261
ardlab,2,0.471614718437
nimdixon@gmail.com,1,0.706853270531
ajaysaini,1,0.940181851387
daniliwar,3,0.5556310315926667
duongthanh3327,2,0.5
kelle333,2,0.546053573489
wayzata08,3,0.8271838029226667
alex_laco,1,0.818995058537
helio58,2,0.195267662406
kelapuress,1,0.171923458576
VanKurt,1,0.893937468529
josephny,1,0.104732871056
of.tecnica,2,0.4236715734004
vdcmclou,1,0.222231686115
djshah95,3,0.16559920708333334
iot001,1,0.5
martin mienkina,3,0.8041695555053333
Tesla41,2,0.7568166852
regis44,1,0.871829330921
samir_assaad,1,0.5
Aishwarya,1,0.88004386425
eggfile,1,0.5
gaz_iot,2,0.7983825802805
mandelkind,2,0.30060429871100003
bobybc,1,0.5
clag,1,0.0859961211681
alk0v,2,0.42870369553585
sc2001,1,0.260693013668
russel2512,6,0.6668184697628333
blackabbys,1,0.127082973719
Vishal,2,0.371320053935
ArtiSchmidt,1,0.5
archanakamath1981,1,0.742291629314
brianbar,3,0.767804702123
armma,1,0.737008094788
fabmsg,1,0.854839920998
slaicheng,2,0.5075131654739999
Helge,9,0.5254166126252777
thePlantDoctor,1,0.5
frenkinet,2,0.7458251714705
polishdude20,3,0.43735764424
AlexRyzh,4,0.46912998706100006
tomotomo,1,0.5
Luca De Nardis,1,0.0562559664249
c.unhold,1,0.5
tml,1,0.5
marwa,1,0.5
giangist,4,0.53739261627225
AdamJWood,1,0.0387518703938
sh-323,2,0.5
icetea06,1,0.917968034744
xkosm,1,0.115844815969
arssant,1,0.820336401463
kanishk.chaturvedi,3,0.754323542118
Jw1342,1,0.291234135628
DeKay,1,0.17342749238
tech.roberts,1,0.836622953415
Resseguie,2,0.8280245661735
Spreeuw,1,0.5
matjaz1118,7,0.2862184899194143
Soiski71,1,0.884792923927
nikwer,3,0.7715867757796667
danu,2,0.5
bborncr,4,0.454561404883855
zesty,3,0.6554891467093333
oleksid,3,0.948468387127
kiliam,1,0.840532064438
DFence,3,0.6108860870203333
nishaasingh29,2,0.325953900814
med,1,0.5
Minty,1,0.238145411015
afan,3,0.62878921628
mazo,3,0.7068003217376667
hamzabazmi,1,0.5
RutujaShirali,1,0.0437368452549
Thingspeakuser,2,0.396756067872
DRCO,2,0.5
zyten,1,0.191295534372
andy,2,0.5
gjt211,1,0.818150281906
Naesstrom,1,0.5
Veramacor,2,0.5
Jlanda,3,0.5983957250913333
oakkar7,2,0.5
vojc,1,0.23951125145
sturbo177,5,0.4828193962574
houseofbeck,4,0.3786763101815
herode,1,0.754153490067
markswift,2,0.36362208426
tengelh,1,0.891345918179
jimgi,1,0.23897126317
robstwd,1,0.878538608551
Mircea3M,7,0.6994298781668572
whahoo,1,0.0227424502373
mamiot,2,0.5277066379785
krunal2411,1,0.5
matheusdeop,3,0.11116560300183331
memoryex,1,0.5
Squifer,2,0.558107748628
Amaresh,1,0.903798520565
mfcss,1,0.5
pjowsey,1,0.239052444696
roni28,3,0.5103410184383333
OnurEmre,1,0.764962911606
rezaaryadi,1,0.5
Rocky,1,0.5
noob3,2,0.473596945405
legoxx,1,0.854354977608
Pesa11,1,0.857361078262
jjavierjg,1,0.849571347237
Franky123,1,0.880239844322
l3inbin,1,0.211823731661
paulyshore,1,0.264919519424
eddie84,2,0.2781207561493
hannon1000,2,0.7080776393415
aravind0603,1,0.5
Tejani,2,0.9191944003104999
anjihanuma,4,0.62200477719325
ruchik,1,0.739581823349
wher0001,1,0.855701565742
Heru Iqbal,2,0.5
avebrahimi,1,0.183603972197
PAD,1,0.935431480408
ElCezeri,1,0.702649056911
akamin,1,0.749010562897
tlerdrden,1,0.0228704810143
betomax,2,0.676487982273
aylashiv@gmail.com,1,0.5
mdce4,2,0.6570923626425
osmond1114,1,0.5
paulcuth,1,0.831163764
